Child Index,Position X,Position Y,Position Z
Cube,9.662971,0,8.368162
1,10.10042,0.5607573,7.874011
2,10.16309,0.4979667,8.870068
3,9.104119,0.4980906,7.932742
4,9.166785,0.4353001,8.9288
5,9.225517,-0.5607573,8.862314
6,9.16285,-0.4979667,7.866257
7,10.22182,-0.4980906,8.803582
8,10.15916,-0.4353001,7.807525
Cube,9.671228,-0.006152472,8.46763
1,10.04316,0.6108357,7.987017
2,10.17171,0.4896769,8.971292
3,9.057901,0.4822932,8.099865
4,9.186444,0.3611344,9.084141
5,9.299293,-0.6231406,8.948244
6,9.170751,-0.5019818,7.963969
7,10.28456,-0.4945982,8.835396
8,10.15601,-0.3734394,7.85112
Cube,10.44044,-0.1214775,9.941668
1,10.5966,0.6272255,10.34794
2,11.1531,-0.199811,10.42746
3,9.766659,0.07836684,10.44771
4,10.32316,-0.7486696,10.52722
5,10.28429,-0.8701805,9.535393
6,9.727792,-0.043144,9.455878
7,11.11423,-0.3213218,9.435628
8,10.55773,0.5057147,9.356113
Cube,10.55974,-0.2027484,9.946949
1,10.65138,0.4970779,10.44879
2,11.27469,-0.2846377,10.42875
3,9.869808,-0.1265313,10.46481
4,10.49312,-0.9082469,10.44478
5,10.4681,-0.9025747,9.445107
6,9.844788,-0.1208591,9.465143
7,11.24967,-0.2789655,9.429084
8,10.62636,0.5027502,9.44912
Cube,10.60654,-0.2285997,9.945631
1,10.67383,0.4487956,10.48099
2,11.32184,-0.3109077,10.42685
3,9.912493,-0.1993094,10.46278
4,10.5605,-0.9590127,10.40864
5,10.53925,-0.905995,9.410273
6,9.891241,-0.1462917,9.464411
7,11.30059,-0.25789,9.428484
8,10.65257,0.5018132,9.482621
Cube,10.63279,-0.2417857,9.944372
1,10.68674,0.4222818,10.49764
2,11.3482,-0.324211,10.42541
3,9.937016,-0.2384006,10.46001
4,10.59848,-0.9848934,10.38778
5,10.57885,-0.9058533,9.391106
6,9.917385,-0.1593604,9.463333
7,11.32857,-0.2451709,9.428733
8,10.66711,0.5013219,9.500961
Cube,10.6602,-0.2547069,9.942808
1,10.70059,0.3948742,10.51413
2,11.37572,-0.3372497,10.42365
3,9.963124,-0.2780216,10.45617
4,10.63826,-1.010146,10.36569
5,10.61981,-0.9042882,9.371483
6,9.944673,-0.1721642,9.461965
7,11.35727,-0.2313923,9.429441
8,10.68214,0.5007317,9.519923
Cube,10.68914,-0.2674448,9.940915
1,10.71562,0.3662312,10.53062
2,11.40479,-0.3501073,10.42154
3,9.991241,-0.3185746,10.45114
4,10.68042,-1.034913,10.34206
5,10.66265,-0.9011208,9.351209
6,9.973481,-0.1847823,9.460288
7,11.38703,-0.2163151,9.430692
8,10.69786,0.5000235,9.539771
Cube,10.7168,-0.2787492,9.938892
1,10.73035,0.3391713,10.54552
2,11.43258,-0.3615112,10.41932
3,10.01861,-0.3561035,10.4454
4,10.72084,-1.056786,10.31921
5,10.70325,-0.8966697,9.33227
6,10.00102,-0.1959872,9.458461
7,11.41499,-0.2013949,9.432383
8,10.71276,0.4992876,9.558573
Cube,10.74869,-0.2908005,9.936369
1,10.74782,0.3083115,10.56172
2,11.46462,-0.3736816,10.41654
3,10.05078,-0.3979325,10.43781
4,10.76758,-1.079926,10.29263
5,10.74956,-0.8899125,9.311018
6,10.03275,-0.2079194,9.456196
7,11.4466,-0.1836686,9.434926
8,10.72979,0.4983246,9.580104
Cube,10.77991,-0.3015644,9.933712
1,10.76537,0.2784981,10.57661
2,11.496,-0.3845469,10.41364
3,10.08286,-0.4373895,10.42937
4,10.81348,-1.100434,10.2664
5,10.79444,-0.8816268,9.290815
6,10.06382,-0.2185819,9.453784
7,11.47696,-0.1657393,9.438057
8,10.74633,0.4973056,9.601027
Cube,10.80832,-0.3104729,9.93116
1,10.78171,0.2517341,10.58935
2,11.52454,-0.3935297,10.41089
3,10.11254,-0.4720116,10.42084
4,10.85536,-1.117275,10.24238
5,10.83493,-0.8726798,9.272968
6,10.0921,-0.227416,9.451434
7,11.5041,-0.1489341,9.441476
8,10.76128,0.4963297,9.619941
Cube,10.84035,-0.319582,9.928186
1,10.80061,0.2219192,10.60287
2,11.55673,-0.4027219,10.40766
3,10.14657,-0.5096438,10.41041
4,10.90269,-1.134285,10.2152
5,10.8801,-0.8610833,9.253504
6,10.12398,-0.2364422,9.448714
7,11.53414,-0.1295203,9.445967
8,10.77802,0.4951208,9.641177
Cube,10.86734,-0.32644,9.925605
1,10.81685,0.1971678,10.61356
2,11.58383,-0.4096309,10.4049
3,10.17566,-0.5401536,10.4009
4,10.94263,-1.146952,10.19223
5,10.91782,-0.8500478,9.237647
6,10.15085,-0.2432491,9.446312
7,11.55902,-0.1127264,9.450313
8,10.79204,0.4940724,9.658978
Cube,10.93174,-0.3406388,9.919515
1,10.85761,0.1386943,10.63697
2,11.64888,-0.4240552,10.39779
3,10.247,-0.609236,10.37667
4,11.03827,-1.171986,10.13749
5,11.00587,-0.8199718,9.202058
6,10.2146,-0.2572223,9.441235
7,11.61648,-0.07204151,9.462361
8,10.82521,0.490708,9.701538
Cube,10.97003,-0.3469963,9.915796
1,10.88245,0.1050042,10.6493
2,11.6874,-0.4304672,10.39372
3,10.29031,-0.6473116,10.36052
4,11.09526,-1.182783,10.10495
5,11.05762,-0.7989967,9.182295
6,10.25266,-0.2635254,9.437869
7,11.64976,-0.04668096,9.471068
8,10.8448,0.4887904,9.726644
Cube,11.00067,-0.3510654,9.912854
1,10.90272,0.07854882,10.6584
2,11.71819,-0.4345605,10.39056
3,10.32546,-0.6762407,10.34685
4,11.14092,-1.18935,10.07901
5,11.09862,-0.7806796,9.167309
6,10.28315,-0.2675702,9.435151
7,11.67588,-0.02589008,9.478856
8,10.86042,0.4872192,9.746698
Cube,11.03322,-0.3544867,9.90981
1,10.92474,0.05086985,10.66738
2,11.7509,-0.4379989,10.38726
3,10.36333,-0.705542,10.33173
4,11.18949,-1.194411,10.05161
5,11.14169,-0.7598433,9.152236
6,10.31554,-0.2709746,9.432359
7,11.7031,-0.003431529,9.487891
8,10.87694,0.4854372,9.768014
Cube,11.0682,-0.3571478,9.906665
1,10.94895,0.02161184,10.67629
2,11.78607,-0.4406666,10.38383
3,10.40463,-0.7353998,10.31484
4,11.24175,-1.197678,10.02238
5,11.18744,-0.7359074,9.13704
6,10.35032,-0.2736291,9.429502
7,11.73176,0.02110416,9.498492
8,10.89465,0.4833826,9.790954
Cube,11.09965,-0.3586081,9.903974
1,10.97116,-0.004222244,10.68365
2,11.81768,-0.4421223,10.3809
3,10.44226,-0.7607692,10.29908
4,11.28878,-1.198669,9.996326
5,11.22814,-0.712994,9.124293
6,10.38162,-0.2750939,9.427043
7,11.75704,0.04355302,9.508871
8,10.91053,0.4814531,9.811621
Cube,11.12812,-0.3591793,9.901676
1,10.99163,-0.02721712,10.68982
2,11.84627,-0.4426822,10.37842
3,10.47672,-0.7825264,10.28438
4,11.33137,-1.197991,9.972978
5,11.26461,-0.6911416,9.113532
6,10.40997,-0.2756765,9.424934
7,11.77951,0.06416765,9.518972
8,10.92487,0.4796328,9.830375
Cube,11.16508,-0.3589767,9.898925
1,11.01884,-0.05659643,10.69716
2,11.88345,-0.4424472,10.37535
3,10.52209,-0.8091526,10.26484
4,11.3867,-1.195003,9.943033
5,11.31133,-0.6613569,9.100691
6,10.44672,-0.2755062,9.4225
7,11.80808,0.09119925,9.533008
8,10.94347,0.47705,9.854816
Cube,11.20136,-0.3576623,9.896512
1,11.04614,-0.08483008,10.70365
2,11.91993,-0.4410869,10.37263
3,10.56723,-0.8334236,10.24512
4,11.44102,-1.18968,9.914105
5,11.35658,-0.6304945,9.089375
6,10.48279,-0.2742377,9.42039
7,11.83549,0.118099,9.547903
8,10.9617,0.4743558,9.878919
Cube,11.24343,-0.3548372,9.89412
1,11.07865,-0.1168668,10.71034
2,11.96228,-0.4381792,10.36984
3,10.62038,-0.8593138,10.2217
4,11.50402,-1.180626,9.881201
5,11.40822,-0.5928077,9.0779
6,10.52458,-0.2714952,9.418403
7,11.86648,0.1496395,9.566537
8,10.98285,0.4709519,9.90704
Cube,11.27571,-0.3516138,9.89263
1,11.10406,-0.1408539,10.71489
2,11.99473,-0.4348953,10.36811
3,10.66169,-0.8774283,10.20327
4,11.55235,-1.17147,9.856483
5,11.44736,-0.5623736,9.070366
6,10.5567,-0.2683322,9.41715
7,11.88973,0.1742008,9.581993
8,10.99907,0.4682422,9.928777
Cube,11.30851,-0.3474797,9.891453
1,11.1304,-0.1647355,10.71903
2,12.02769,-0.4306878,10.36669
3,10.70416,-0.8943254,10.18423
4,11.60144,-1.160278,9.83189
5,11.48661,-0.5302238,9.063876
6,10.58932,-0.2642715,9.416216
7,11.91286,0.1993661,9.598676
8,11.01557,0.4653184,9.951015
Cube,11.34305,-0.342207,9.890614
1,11.15873,-0.1893504,10.72288
2,12.06242,-0.4253213,10.36558
3,10.74943,-0.9104745,10.1639
4,11.65312,-1.146445,9.806608
5,11.52737,-0.4950637,9.058351
6,10.62368,-0.2590928,9.415645
7,11.93667,0.2260605,9.617325
8,11.03298,0.4620313,9.974619
Cube,11.37221,-0.3369789,9.890265
1,11.18306,-0.2096727,10.72574
2,12.09172,-0.4200173,10.36504
3,10.78806,-0.9227391,10.1465
4,11.69672,-1.133084,9.785808
5,11.56136,-0.4642851,9.05479
6,10.6527,-0.2539404,9.415486
7,11.95636,0.2487814,9.634026
8,11.0477,0.459126,9.994721
Cube,11.40103,-0.3311473,9.890263
1,11.20753,-0.2293598,10.72823
2,12.12067,-0.4141038,10.36486
3,10.82664,-0.9336466,10.12915
4,11.73978,-1.118391,9.765771
5,11.59453,-0.4329347,9.052291
6,10.68139,-0.2481907,9.415669
7,11.97542,0.2713521,9.651376
8,11.06228,0.4560961,10.01475
Cube,11.43564,-0.3233283,9.890728
1,11.23753,-0.2524832,10.73081
2,12.15547,-0.406154,10.36506
3,10.87349,-0.9451751,10.10819
4,11.79143,-1.098846,9.742439
5,11.63375,-0.3941733,9.050649
6,10.71582,-0.2405025,9.4164
7,11.9978,0.2985185,9.673265
8,11.07986,0.4521893,10.03902
Cube,11.49832,-0.3072039,9.892867
1,11.29397,-0.2929322,10.73432
2,12.21877,-0.3895366,10.36633
3,10.95988,-0.9618781,10.07032
4,11.88468,-1.058483,9.702333
5,11.70267,-0.3214756,9.051417
6,10.77787,-0.2248712,9.419399
7,12.03676,0.3474703,9.715419
8,11.11195,0.4440747,10.0834
Cube,11.52559,-0.2990052,9.894524
1,11.31893,-0.3098564,10.73546
2,12.24616,-0.3812318,10.36783
3,10.99797,-0.9670837,10.05353
4,11.9252,-1.038459,9.685897
5,11.73225,-0.2881539,9.053587
6,10.80502,-0.2167785,9.421217
7,12.05322,0.3690734,9.73552
8,11.12599,0.4404488,10.10315
Cube,11.55921,-0.2881614,9.897134
1,11.35034,-0.3301904,10.73654
2,12.27996,-0.3702143,10.3702
3,11.04541,-0.9719607,10.03288
4,11.97502,-1.011984,9.66653
5,11.76808,-0.2461323,9.057724
6,10.83846,-0.2061085,9.424072
7,12.07301,0.3956379,9.761391
8,11.14339,0.4356617,10.12774
Cube,11.59269,-0.2764966,9.900426
1,11.38228,-0.3498458,10.73729
2,12.31362,-0.358362,10.37325
3,11.09319,-0.9750477,10.01234
4,12.02453,-0.9835639,9.648297
5,11.8031,-0.2031474,9.063559
6,10.87176,-0.1946312,9.427605
7,12.09219,0.4220545,9.788507
8,11.16085,0.4305707,10.15255
Cube,11.62212,-0.2655081,9.903948
1,11.41087,-0.3666178,10.7377
2,12.34319,-0.3472172,10.37658
3,11.13562,-0.9762477,9.99434
4,12.06794,-0.9568471,9.63322
5,11.83337,-0.1643983,9.070191
6,10.90105,-0.1837989,9.431312
7,12.10862,0.4452315,9.813556
8,11.1763,0.4258309,10.17468
Cube,11.65729,-0.2515613,9.908927
1,11.4458,-0.3860264,10.7379
2,12.37855,-0.3330303,10.3813
3,11.18689,-0.9758694,9.97301
4,12.11965,-0.9228734,9.616414
5,11.86878,-0.1170962,9.079957
6,10.93602,-0.1700922,9.436552
7,12.12768,0.4727469,9.844844
8,11.19493,0.4197508,10.20144
Cube,11.68783,-0.2386527,9.914031
1,11.47674,-0.4023165,10.73784
2,12.40925,-0.3199266,10.38621
3,11.2319,-0.9738272,9.954618
4,12.16441,-0.8914373,9.602992
5,11.89893,-0.07498893,9.090226
6,10.96642,-0.1573789,9.441852
7,12.14376,0.4965217,9.873445
8,11.21125,0.4141318,10.22507
Cube,11.71419,-0.2269261,9.919059
1,11.5039,-0.4159374,10.73763
2,12.43571,-0.3080449,10.39109
3,11.2711,-0.9707543,9.93889
4,12.20291,-0.8628618,9.592358
5,11.92447,-0.0379148,9.10049
6,10.99266,-0.1458073,9.447023
7,12.15727,0.5169021,9.899227
8,11.22546,0.4090096,10.24576
Cube,11.74186,-0.2140615,9.924971
1,11.53294,-0.4297935,10.73726
2,12.46351,-0.2949991,10.39685
3,11.31263,-0.9662303,9.922585
4,12.2432,-0.8314359,9.582172
5,11.95077,0.001670435,9.11268
6,11.02021,-0.133124,9.453093
7,12.17109,0.5381072,9.927357
8,11.24052,0.4033127,10.26777
Cube,11.76803,-0.2013596,9.931208
1,11.5609,-0.4424727,10.73679
2,12.48979,-0.282125,10.40295
3,11.35227,-0.960682,9.907373
4,12.28116,-0.8003343,9.573531
5,11.97516,0.03975356,9.125626
6,11.04627,-0.1205941,9.459468
7,12.1838,0.5579629,9.955042
8,11.25491,0.3976152,10.28888
Cube,11.7961,-0.1871878,9.938613
1,11.59146,-0.4555901,10.73616
2,12.51799,-0.2677437,10.41019
3,11.39516,-0.9533566,9.891355
4,12.32169,-0.7655102,9.565389
5,12.00074,0.08121458,9.141066
6,11.07421,-0.1066318,9.467031
7,12.19704,0.578981,9.985871
8,11.27051,0.3911346,10.31184
Cube,11.82195,-0.1736101,9.946154
1,11.62011,-0.4672297,10.73549
2,12.54395,-0.2539774,10.4176
3,11.43502,-0.9452891,9.876883
4,12.35886,-0.7320368,9.558998
5,12.02379,0.1200095,9.15682
6,11.09996,-0.09324279,9.474704
7,12.20888,0.5980688,10.01542
8,11.28504,0.3848166,10.33331
Cube,11.84724,-0.1598565,9.954226
1,11.64864,-0.4781905,10.73475
2,12.56933,-0.2400332,10.42555
3,11.47435,-0.936155,9.863037
4,12.39504,-0.6979977,9.553835
5,12.04583,0.1584775,9.173699
6,11.12514,-0.07967982,9.482902
7,12.22012,0.6164418,10.04542
8,11.29943,0.3782846,10.35462
Cube,11.87469,-0.1444159,9.963796
1,11.68023,-0.4895941,10.73388
2,12.59691,-0.2243552,10.43498
3,11.51743,-0.924834,9.848411
4,12.43411,-0.6595951,9.549503
5,12.06915,0.2007623,9.193707
6,11.15247,-0.06447659,9.492614
7,12.23195,0.6360022,10.07918
8,11.31527,0.3707633,10.37809
Cube,11.89941,-0.1300376,9.973207
1,11.7092,-0.4994225,10.73306
2,12.62172,-0.209773,10.44427
3,11.55656,-0.913317,9.83562
4,12.46909,-0.6236674,9.546836
5,12.08962,0.2393472,9.213355
6,11.1771,-0.0503023,9.502139
7,12.24226,0.6532416,10.11079
8,11.32973,0.3635921,10.39958
Cube,11.92284,-0.116008,9.982852
1,11.73714,-0.5083387,10.73225
2,12.64524,-0.1955505,10.45382
3,11.59396,-0.901223,9.823875
4,12.50206,-0.5884348,9.545446
5,12.10854,0.2763228,9.233457
6,11.20044,-0.03646549,9.511885
7,12.25172,0.669207,10.14183
8,11.34363,0.3564188,10.42026
Cube,11.94969,-0.09948415,9.994782
1,11.76982,-0.5180419,10.7313
2,12.67221,-0.1787594,10.46562
3,11.63719,-0.8859594,9.810947
4,12.53957,-0.546677,9.545271
5,12.12957,0.3190736,9.258267
6,11.22718,-0.0202089,9.523944
7,12.2622,0.6869912,10.17862
8,11.35981,0.3477087,10.44429
Cube,11.97711,-0.0821142,10.00801
1,11.8039,-0.5273753,10.73033
2,12.69974,-0.1610941,10.47872
3,11.68173,-0.8687547,9.798379
4,12.57757,-0.5024735,9.546772
5,12.15032,0.3631469,9.285698
6,11.25448,-0.003134355,9.537305
7,12.27249,0.7045263,10.21765
8,11.37665,0.338245,10.46926
Cube,11.99963,-0.06744802,10.01978
1,11.83243,-0.5346227,10.72956
2,12.72234,-0.1462166,10.4904
3,11.71863,-0.853307,9.788555
4,12.60855,-0.464901,9.549398
5,12.16684,0.3997266,9.309997
6,11.27693,0.01132059,9.549153
7,12.28064,0.718411,10.251
8,11.39072,0.330005,10.49016
Cube,12.02198,-0.05258173,10.03225
1,11.86125,-0.5414028,10.72883
2,12.74476,-0.131132,10.5028
3,11.75552,-0.8368212,9.77933
4,12.63903,-0.4265504,9.553297
5,12.1827,0.4362394,9.335671
6,11.29919,0.02596855,9.561705
7,12.28843,0.7316577,10.28517
8,11.40493,0.3213869,10.5112
Cube,12.04364,-0.03786538,10.04516
1,11.88972,-0.547581,10.72817
2,12.7665,-0.1161998,10.51563
3,11.79156,-0.8196871,9.770918
4,12.66834,-0.388306,9.558386
5,12.19757,0.4718502,9.362153
6,11.32079,0.04046907,9.574686
7,12.29573,0.7439563,10.3194
8,11.41895,0.3125753,10.53193
Cube,12.06846,-0.02068142,10.06094
1,11.92301,-0.5541318,10.72748
2,12.79141,-0.09871773,10.53133
3,11.83317,-0.7986796,9.762012
4,12.70158,-0.3432656,9.565858
5,12.21392,0.5127689,9.394403
6,11.34552,0.05735489,9.590556
7,12.30375,0.7573168,10.35987
8,11.43535,0.3019027,10.55602
Cube,12.09241,-0.003765373,10.07728
1,11.95581,-0.5599287,10.72692
2,12.81544,-0.08150795,10.54759
3,11.87366,-0.7769213,9.754205
4,12.73329,-0.2985005,9.574879
5,12.22901,0.552398,9.427649
6,11.36939,0.0739772,9.606975
7,12.31116,0.7693906,10.40036
8,11.45154,0.2909698,10.57969
Cube,12.12299,0.01823913,10.09972
1,11.9988,-0.5664679,10.72637
2,12.84615,-0.05899508,10.56991
3,11.92585,-0.747058,9.745523
4,12.77319,-0.2395851,9.589064
5,12.24718,0.6029462,9.473065
6,11.39984,0.09547333,9.629525
7,12.32014,0.7835363,10.45391
8,11.47279,0.2760634,10.61037
Cube,12.14788,0.03650853,10.11955
1,12.03467,-0.571153,10.72612
2,12.87112,-0.04036471,10.58967
3,11.96871,-0.7208053,9.739583
4,12.80516,-0.190017,9.603138
5,12.2611,0.64417,9.512973
6,11.42465,0.1133818,9.649418
7,12.32706,0.7938224,10.49951
8,11.49061,0.2630341,10.63595
Cube,12.16627,0.05019074,10.13518
1,12.06169,-0.574251,10.72606
2,12.88955,-0.0264743,10.60528
3,12.00059,-0.7002295,9.735909
4,12.82845,-0.1524528,9.615129
5,12.27085,0.6746325,9.544306
6,11.44299,0.1268558,9.665087
7,12.33195,0.800611,10.53446
8,11.50409,0.2528343,10.65524
Cube,12.18531,0.0644859,10.15224
1,12.09019,-0.5770724,10.72613
2,12.90863,-0.01194555,10.6223
3,12.0338,-0.6779019,9.732827
4,12.85224,-0.112775,9.628999
5,12.28043,0.7060443,9.578342
6,11.46198,0.1409174,9.682171
7,12.33682,0.8068737,10.57165
8,11.51837,0.2417468,10.67548
Cube,12.2083,0.08188668,10.17401
1,12.12536,-0.5798982,10.72643
2,12.93168,0.005813092,10.64405
3,12.07417,-0.6495603,9.730172
4,12.88049,-0.06384903,9.64779
5,12.29124,0.7436715,9.621599
6,11.48491,0.1579603,9.703981
7,12.34242,0.8133336,10.61786
8,11.5361,0.2276224,10.70024
Cube,12.22924,0.09785317,10.19514
1,12.15812,-0.581958,10.72692
2,12.95267,0.02209382,10.66515
3,12.1112,-0.6223102,9.72884
4,12.90574,-0.01825841,9.667065
5,12.30036,0.7776644,9.663347
6,11.50581,0.1736125,9.725122
7,12.34728,0.8180166,10.66143
8,11.55273,0.2139647,10.72321
Cube,12.2474,0.1117598,10.21452
1,12.18712,-0.5833426,10.72755
2,12.97086,0.03624921,10.68452
3,12.14349,-0.5975257,9.728601
4,12.92724,0.02206616,9.685577
5,12.30769,0.8068623,9.70149
6,11.52394,0.1872704,9.744514
7,12.35131,0.8210453,10.70044
8,11.56757,0.2014535,10.74346
Cube,12.26688,0.1266917,10.2364
1,12.21886,-0.5843517,10.72845
2,12.99037,0.05148113,10.70641
3,12.17831,-0.5697871,9.72938
4,12.94982,0.06604567,9.707335
5,12.3149,0.8377351,9.744354
6,11.54339,0.2019022,9.766399
7,12.35545,0.8231705,10.74343
8,11.58394,0.1873377,10.76547
Cube,12.28625,0.1415284,10.25938
1,12.25112,-0.584864,10.72961
2,13.00977,0.06663014,10.72939
3,12.21312,-0.5409553,9.7313
4,12.97177,0.1105389,9.731078
5,12.32139,0.8679209,9.789145
6,11.56273,0.2164267,9.789368
7,12.35938,0.8240122,10.78746
8,11.60073,0.172518,10.78768
Cube,12.30686,0.1572491,10.2852
1,12.28623,-0.5848286,10.73118
2,13.03041,0.08272301,10.75523
3,12.25034,-0.5089079,9.734711
4,12.99452,0.1586437,9.758767
5,12.3275,0.8993267,9.839225
6,11.58332,0.2317751,9.815169
7,12.36339,0.823406,10.83569
8,11.61921,0.1558544,10.81164
Cube,12.32318,0.1696008,10.30679
1,12.31462,-0.5844221,10.73267
2,13.04674,0.09532064,10.77684
3,12.27992,-0.482446,9.73849
4,13.01204,0.1972968,9.782661
5,12.33175,0.9236238,9.880905
6,11.59963,0.243881,9.836734
7,12.36645,0.8216476,10.87509
8,11.63433,0.1419049,10.83092
Cube,12.34077,0.1827795,10.33115
1,12.34584,-0.5835285,10.73457
2,13.06433,0.1087978,10.80124
3,12.31191,-0.4529016,9.743723
4,13.03041,0.2394247,9.810393
5,12.33571,0.9490876,9.927736
6,11.61721,0.2567613,9.861065
7,12.36963,0.8184607,10.91859
8,11.65114,0.1261344,10.85192
Cube,12.3599,0.1968996,10.35901
1,12.38055,-0.5819944,10.73703
2,13.08347,0.1232881,10.82915
3,12.34681,-0.419554,9.750885
4,13.04972,0.2857285,9.843011
5,12.33925,0.9757936,9.980989
6,11.63634,0.2705111,9.888864
7,12.37299,0.8133532,10.96713
8,11.67008,0.1080707,10.875
Cube,12.37647,0.2088825,10.3844
1,12.41127,-0.5802313,10.73949
2,13.10003,0.135563,10.8546
3,12.3771,-0.3895794,9.758425
4,13.06586,0.3262149,9.873532
5,12.34167,0.9979964,10.02931
6,11.65291,0.2822021,9.914202
7,12.37585,0.8073446,11.01037
8,11.68709,0.09155017,10.89526
Cube,12.39065,0.218902,10.4071
1,12.43805,-0.5783972,10.74186
2,13.1142,0.1458056,10.87734
3,12.40303,-0.3631268,9.765936
4,13.07918,0.361076,9.901416
5,12.34324,1.016201,10.07234
6,11.6671,0.2919985,9.936855
7,12.37827,0.8009309,11.04826
8,11.70212,0.07672808,10.91278
Cube,12.40588,0.2293918,10.43247
1,12.46736,-0.5760344,10.74473
2,13.12942,0.1565626,10.90277
3,12.4309,-0.3339287,9.775166
4,13.09296,0.3986683,9.933208
5,12.3444,1.034818,10.1202
6,11.68234,0.302221,9.962159
7,12.38085,0.7927123,11.08977
8,11.71879,0.06011528,10.93172
Cube,12.42286,0.240696,10.46197
1,12.50069,-0.5728943,10.74835
2,13.14637,0.1682127,10.93237
3,12.46197,-0.300441,9.786963
4,13.10765,0.440666,9.970984
5,12.34502,1.054286,10.1756
6,11.69934,0.3131794,9.991574
7,12.38374,0.781833,11.13699
8,11.73806,0.04072607,10.95296
Cube,12.43828,0.250522,10.49001
1,12.5316,-0.5696186,10.75204
2,13.16177,0.1783367,10.9605
3,12.49015,-0.2691272,9.799157
4,13.12032,0.4788281,10.00761
5,12.34497,1.070663,10.22797
6,11.7148,0.3227074,10.01952
7,12.38641,0.7701712,11.18086
8,11.75625,0.02221593,10.9724
Cube,12.45449,0.2603269,10.5207
1,12.56472,-0.5656918,10.75638
2,13.17793,0.1884834,10.99131
3,12.51968,-0.2353817,9.81358
4,13.13289,0.5187935,10.04851
5,12.34426,1.086346,10.28503
6,11.73105,0.3321705,10.0501
7,12.3893,0.7560355,11.22783
8,11.77609,0.00186038,10.99289
Cube,12.4703,0.2692862,10.55192
1,12.59768,-0.5613928,10.76109
2,13.1937,0.1977805,11.02266
3,12.54837,-0.2016458,9.82934
4,13.14438,0.5575274,10.09091
5,12.34293,1.099965,10.34276
6,11.74691,0.3407919,10.08119
7,12.39224,0.7402182,11.27451
8,11.79622,-0.01895505,11.01294
Cube,12.48336,0.2761416,10.57871
1,12.62537,-0.5575296,10.76533
2,13.20671,0.2048744,11.04954
3,12.57191,-0.1731909,9.843689
4,13.15325,0.589213,10.1279
5,12.34136,1.109813,10.39209
6,11.76001,0.3474087,10.10788
7,12.39482,0.725474,11.31374
8,11.81347,-0.03692994,11.02952
Cube,12.49787,0.2831537,10.60947
1,12.65664,-0.5528268,10.7705
2,13.22116,0.2121892,11.08044
3,12.5979,-0.1410457,9.861109
4,13.16242,0.6239703,10.17105
5,12.3391,1.119134,10.44845
6,11.77457,0.3541183,10.13851
7,12.39784,0.7073532,11.35784
8,11.83331,-0.05766281,11.0479
Cube,12.51162,0.2891185,10.63965
1,12.68677,-0.5480064,10.77583
2,13.23486,0.2184338,11.11075
3,12.62233,-0.110076,9.879132
4,13.17041,0.6563641,10.21406
5,12.33647,1.126243,10.50347
6,11.78839,0.3598031,10.16855
7,12.40092,0.6883129,11.40017
8,11.85284,-0.07812721,11.06524
Cube,12.52555,0.2944157,10.67119
1,12.71776,-0.5427498,10.78169
2,13.24871,0.2240248,11.14245
3,12.64682,-0.07830352,9.898937
4,13.17777,0.6884711,10.25969
5,12.33335,1.131581,10.56069
6,11.80239,0.3648065,10.19993
7,12.40429,0.6671348,11.44345
8,11.87333,-0.09963977,11.08269
Cube,12.53801,0.2984293,10.70023
1,12.74585,-0.5377641,10.78733
2,13.26111,0.2282782,11.17163
3,12.66845,-0.04959726,9.918015
4,13.18371,0.716445,10.30231
5,12.33018,1.134623,10.61314
6,11.81491,0.3685803,10.22884
7,12.40758,0.6464558,11.48245
8,11.89231,-0.1195865,11.09815
Cube,12.56326,0.3047325,10.7611
1,12.80395,-0.5262439,10.80045
2,13.28605,0.2355812,11.23312
3,12.71173,0.008989632,9.960793
4,13.19383,0.7708147,10.39347
5,12.32258,1.135709,10.72175
6,11.84048,0.3738838,10.28908
7,12.41479,0.6004754,11.56141
8,11.9327,-0.1613496,11.12873
Cube,12.57378,0.3061658,10.78743
1,12.82845,-0.5213546,10.80621
2,13.2965,0.2371916,11.25957
3,12.72917,0.03356168,9.980247
4,13.19722,0.7921079,10.43361
5,12.31911,1.133686,10.76865
6,11.85107,0.37514,10.31528
7,12.41839,0.57877,11.59461
8,11.95035,-0.1797762,11.14124
Cube,12.58636,0.3070793,10.81947
1,12.858,-0.5152203,10.81354
2,13.30898,0.2383585,11.2918
3,12.74968,0.06288105,10.00479
4,13.20066,0.8164599,10.48306
5,12.31472,1.129379,10.8254
6,11.86374,0.3758,10.34713
7,12.42305,0.5512775,11.63414
8,11.97207,-0.2023014,11.15588
Cube,12.59629,0.3070774,10.84515
1,12.88144,-0.5102539,10.81958
2,13.31884,0.2385142,11.3176
3,12.7655,0.08589557,10.02512
4,13.20289,0.8346636,10.52315
5,12.31113,1.124409,10.87072
6,11.87373,0.3756406,10.37269
7,12.42707,0.5282593,11.66517
8,11.98968,-0.2205088,11.16714
Cube,12.60607,0.3064587,10.87076
1,12.90466,-0.5052204,10.82579
2,13.32855,0.2380476,11.34334
3,12.78078,0.1084239,10.04598
4,13.20468,0.8516918,10.56354
5,12.30748,1.118138,10.91573
6,11.88358,0.3748698,10.39817
7,12.43135,0.5044935,11.69554
8,12.00746,-0.2387744,11.17798
Cube,12.62203,0.3042599,10.91309
1,12.94277,-0.4965465,10.83669
2,13.34432,0.2362476,11.38603
3,12.80519,0.1447322,10.08182
4,13.20674,0.8775264,10.63116
5,12.30129,1.105066,10.98948
6,11.89974,0.3722721,10.44014
7,12.43887,0.4637875,11.74435
8,12.03732,-0.2690066,11.19502
Cube,12.63244,0.3017891,10.94096
1,12.96763,-0.4908357,10.84404
2,13.35463,0.2339428,11.41407
3,12.82051,0.1679727,10.10626
4,13.20751,0.8927512,10.67628
5,12.29725,1.094414,11.03787
6,11.91024,0.3696355,10.46785
7,12.44437,0.4356056,11.77566
8,12.05737,-0.289173,11.20564
Cube,12.64384,0.2982316,10.97164
1,12.99487,-0.4844353,10.85244
2,13.36592,0.2305792,11.44495
3,12.83682,0.1929474,10.13398
4,13.20787,0.907962,10.7265
5,12.29281,1.080899,11.09085
6,11.92176,0.3658839,10.49833
7,12.45086,0.4035158,11.8093
8,12.07981,-0.3114988,11.21678
Cube,12.65661,0.2931812,11.00612
1,13.02535,-0.4771022,10.86226
2,13.37854,0.2257644,11.4797
3,12.8545,0.220233,10.16617
4,13.2077,0.9230995,10.78361
5,12.28788,1.063465,11.14999
6,11.93468,0.3605981,10.53255
7,12.45873,0.3661295,11.84608
8,12.10553,-0.336737,11.22864
Cube,12.66678,0.2882886,11.03352
1,13.04948,-0.4712436,10.87026
2,13.38861,0.2210145,11.50726
3,12.86802,0.2413037,10.19251
4,13.20715,0.9335619,10.82951
5,12.28408,1.047821,11.19677
6,11.94495,0.3555626,10.55977
7,12.46554,0.3352735,11.87453
8,12.12641,-0.3569848,11.23753
Cube,12.67823,0.2819322,11.06426
1,13.07651,-0.4645641,10.87958
2,13.39993,0.2148314,11.53823
3,12.88273,0.2642995,10.22291
4,13.20614,0.9436949,10.88157
5,12.27994,1.028429,11.24895
6,11.95653,0.3490331,10.59029
7,12.47372,0.299565,11.90561
8,12.15031,-0.3798305,11.24695
Cube,12.68877,0.2752576,11.09239
1,13.10122,-0.4583973,10.88835
2,13.41035,0.2082957,11.56655
3,12.89574,0.2847134,10.25151
4,13.20487,0.9514065,10.92971
5,12.27631,1.008913,11.29642
6,11.96718,0.3422194,10.61822
7,12.4818,0.2658017,11.93326
8,12.17267,-0.4008913,11.25506
Cube,12.69968,0.2675704,11.12121
1,13.12656,-0.4520011,10.89762
2,13.42114,0.2007484,11.59558
3,12.90867,0.3050027,10.28161
4,13.20325,0.9577522,10.97957
5,12.27279,0.9871418,11.34479
6,11.97822,0.3343923,10.64683
7,12.49068,0.2301381,11.9608
8,12.1961,-0.4226115,11.26285
Cube,12.71163,0.2582773,11.1524
1,13.15402,-0.4449824,10.90803
2,13.43293,0.1916117,11.62703
3,12.92224,0.3262156,10.31513
4,13.20116,0.9628097,11.03412
5,12.26923,0.961537,11.39677
6,11.99032,0.3249429,10.67777
7,12.50101,0.190339,11.98967
8,12.22209,-0.4462551,11.27068
Cube,12.72408,0.2476599,11.18436
1,13.18224,-0.4376975,10.91908
2,13.44522,0.1811499,11.65927
3,12.93571,0.3471223,10.3505
4,13.19869,0.9659696,11.09069
5,12.26591,0.9330173,11.44964
6,12.00294,0.31417,10.70946
7,12.51244,0.1481976,12.01822
8,12.24947,-0.4706497,11.27804
Cube,12.73445,0.2380992,11.21044
1,13.20537,-0.4317122,10.92834
2,13.45547,0.1716872,11.68554
3,12.94636,0.3635392,10.38017
4,13.19646,0.9669387,11.13737
5,12.26353,0.9079106,11.49255
6,12.01343,0.3045112,10.73535
7,12.52254,0.1126591,12.04072
8,12.27244,-0.4907403,11.28352
Cube,12.74701,0.2257733,11.24139
1,13.23296,-0.4245044,10.93974
2,13.46786,0.1594912,11.71677
3,12.95868,0.3822286,10.41633
4,13.19358,0.9662242,11.19336
5,12.26106,0.8760509,11.54304
6,12.02616,0.2920554,10.76601
7,12.53534,0.06931797,12.06645
8,12.30044,-0.5146775,11.28942
Cube,12.75842,0.2138813,11.26875
1,13.25754,-0.4180683,10.95012
2,13.47913,0.1476941,11.74436
3,12.96928,0.3980201,10.44922
4,13.19087,0.9637825,11.24346
5,12.25931,0.845831,11.58738
6,12.03772,0.2800686,10.79315
7,12.54757,0.02974257,12.08829
8,12.32598,-0.5360198,11.29405
Cube,12.77101,0.2000992,11.29811
1,13.28411,-0.4110721,10.96167
2,13.49154,0.1340128,11.77398
3,12.98037,0.4141489,10.48549
4,13.1878,0.9592338,11.2978
5,12.2579,0.8112705,11.63454
6,12.05047,0.2661857,10.82223
7,12.56164,-0.01395039,12.11073
8,12.35422,-0.5590353,11.29841
Cube,12.78079,0.1889222,11.32021
1,13.30433,-0.4057604,10.97056
2,13.50122,0.1228886,11.79625
3,12.98853,0.4257251,10.51351
4,13.18542,0.9543741,11.3392
5,12.25725,0.7836047,11.66986
6,12.06036,0.2549557,10.84418
7,12.57306,-0.04788075,12.12692
8,12.37616,-0.5765297,11.30123
Cube,12.79356,0.1738357,11.34827
1,13.33023,-0.3989197,10.98229
2,13.51382,0.1078794,11.82458
3,12.99871,0.4396559,10.54998
4,13.18231,0.946455,11.39227
5,12.25689,0.7465911,11.71424
6,12.0733,0.239792,10.87196
7,12.58841,-0.09198454,12.14655
8,12.40481,-0.5987836,11.30426
Cube,12.80532,0.1594831,11.37315
1,13.3535,-0.3927759,10.99301
2,13.52544,0.09358062,11.84968
3,13.00757,0.4512795,10.58325
4,13.17951,0.937636,11.43992
5,12.25714,0.711742,11.7533
6,12.0852,0.2253856,10.89662
7,12.60307,-0.1323134,12.16306
8,12.43113,-0.6186699,11.30638
Cube,12.81712,0.1446989,11.39724
1,13.37632,-0.3867496,11.00372
2,13.53711,0.07884045,11.87399
3,13.01602,0.4618303,10.6163
4,13.1768,0.9274203,11.48657
5,12.25793,0.6761474,11.79076
6,12.09714,0.2105574,10.92049
7,12.61823,-0.1724325,12.17818
8,12.45745,-0.6380225,11.30791
Cube,12.83062,0.1274136,11.42372
1,13.40178,-0.3800221,11.01594
2,13.55042,0.06159902,11.90074
3,13.02519,0.4725814,10.65365
4,13.17383,0.9142025,11.53846
5,12.25946,0.6348493,11.8315
6,12.11081,0.1932282,10.9467
7,12.63604,-0.2177542,12.19378
8,12.4874,-0.6593753,11.30898
Cube,12.84153,0.1131867,11.4442
1,13.42182,-0.3747413,11.02565
2,13.56122,0.04739287,11.9214
3,13.0322,0.4802628,10.68335
4,13.1716,0.9023969,11.5791
5,12.26124,0.6011147,11.86276
6,12.12184,0.1789806,10.96701
7,12.65085,-0.2538893,12.20506
8,12.51145,-0.6760235,11.3093
Cube,12.85469,0.09577806,11.46797
1,13.44544,-0.368516,11.03734
2,13.57423,0.030004,11.94541
3,13.0403,0.48842,10.71872
4,13.16908,0.8869399,11.62679
5,12.26395,0.5600721,11.89861
6,12.13516,0.1615521,10.99053
7,12.66909,-0.2968639,12.21723
8,12.54031,-0.6953838,11.30915
Cube,12.87348,0.0705733,11.50023
1,13.47818,-0.3598968,11.05409
2,13.5927,0.004814252,11.97814
3,13.05128,0.4980801,10.76837
4,13.16581,0.8627912,11.69242
5,12.26879,0.5010434,11.94637
6,12.15426,0.1363323,11.02232
7,12.69568,-0.3569335,12.23209
8,12.58116,-0.7216445,11.30804
Cube,12.88937,0.04907732,11.52571
1,13.50482,-0.3529117,11.06787
2,13.60838,-0.01668856,12.00394
3,13.05994,0.5044868,10.80912
4,13.1635,0.8407099,11.74519
5,12.27391,0.4510663,11.98355
6,12.17036,0.1148432,11.04748
7,12.71879,-0.4063321,12.2423
8,12.61524,-0.7425553,11.30623
Cube,12.90376,0.02953013,11.54746
1,13.5282,-0.3468007,11.08008
2,13.6226,-0.03625218,12.02594
3,13.06736,0.5090109,10.84509
4,13.16177,0.8195594,11.79095
5,12.27932,0.405861,12.01485
6,12.18491,0.09531244,11.06899
7,12.74015,-0.4499506,12.24984
8,12.64575,-0.7604992,11.30398
Cube,12.91937,0.008295946,11.56977
1,13.55282,-0.3403846,11.09315
2,13.63803,-0.05751679,12.04851
3,13.07506,0.5126497,10.88319
4,13.16027,0.7955175,11.83856
5,12.28592,0.3569765,12.04639
6,12.20071,0.07410868,11.09102
7,12.76368,-0.4960578,12.25634
8,12.67847,-0.7789256,11.30098
Cube,12.93414,-0.01173836,11.58961
1,13.57539,-0.3345171,11.10525
2,13.65264,-0.07758716,12.06859
3,13.08201,0.5149575,10.91825
4,13.15926,0.7718875,11.88159
5,12.29288,0.3110404,12.07397
6,12.21563,0.05411043,11.11063
7,12.78626,-0.5384343,12.26097
8,12.70901,-0.7953642,11.29763
Cube,12.94851,-0.03115383,11.60782
1,13.59674,-0.3289807,11.11681
2,13.66686,-0.09704354,12.087
3,13.08851,0.5162253,10.95148
4,13.15864,0.7481624,11.92168
5,12.30027,0.266673,12.09883
6,12.23015,0.03473587,11.12863
7,12.8085,-0.578533,12.26415
8,12.73838,-0.8104702,11.29395
Cube,12.96928,-0.05909429,11.63254
1,13.62668,-0.321273,11.13345
2,13.68736,-0.1250854,12.11214
3,13.09762,0.5164819,10.99831
4,13.1583,0.7126696,11.977
5,12.31188,0.2030845,12.13163
6,12.25121,0.006896809,11.15294
7,12.84094,-0.6346706,12.26676
8,12.78027,-0.8308582,11.28808
Cube,12.98629,-0.08169307,11.65117
1,13.65029,-0.3151929,11.14661
2,13.70419,-0.1477608,12.13102
3,13.10472,0.5154346,11.03521
4,13.15862,0.6828666,12.01962
5,12.32229,0.1518068,12.15573
6,12.26839,-0.01562533,11.17132
7,12.86786,-0.6788207,12.26714
8,12.81396,-0.8462527,11.28273
Cube,13.00538,-0.106771,11.67062
1,13.67597,-0.3086106,11.16113
2,13.72307,-0.1729446,12.15077
3,13.11246,0.5130294,11.07532
4,13.15956,0.6486953,12.06495
5,12.33479,0.09506846,12.1801
6,12.28769,-0.04059746,11.19046
7,12.8983,-0.7265715,12.26591
8,12.8512,-0.8622375,11.27628
Cube,13.02615,-0.1336607,11.6901
1,13.70297,-0.3017165,11.17661
2,13.7436,-0.1999693,12.17059
3,13.12063,0.5090738,11.11742
4,13.16126,0.6108209,12.1114
5,12.34933,0.03439516,12.2036
6,12.3087,-0.06735201,11.20962
7,12.93167,-0.7763951,12.26279
8,12.89104,-0.8781423,11.26881
Cube,13.0425,-0.1544405,11.70418
1,13.72352,-0.2964417,11.18838
2,13.75982,-0.2208369,12.18486
3,13.12686,0.5050982,11.1493
4,13.16315,0.580703,12.14578
5,12.36148,-0.01243921,12.21998
6,12.32519,-0.08804406,11.22351
7,12.95815,-0.8139791,12.25906
8,12.92185,-0.8895839,11.26259
Cube,13.05976,-0.1760362,11.71801
1,13.74463,-0.29103,11.20058
2,13.77693,-0.2425343,12.19888
3,13.13331,0.5001367,11.18193
4,13.16562,0.5486324,12.18023
5,12.37489,-0.06104238,12.23543
6,12.34259,-0.1095381,11.23713
7,12.9862,-0.8522092,12.25408
8,12.9539,-0.9007049,11.25578
Cube,13.07926,-0.200019,11.73245
1,13.76782,-0.2851027,11.21414
2,13.79626,-0.2666515,12.21356
3,13.14051,0.4936603,11.21761
4,13.16895,0.5121115,12.21704
5,12.3907,-0.1149354,12.25076
6,12.36226,-0.1333865,11.25133
7,13.01801,-0.8936983,12.24728
8,12.98957,-0.9121495,11.24786
Cube,13.09516,-0.2191722,11.74326
1,13.7862,-0.2803703,11.22488
2,13.81205,-0.2858958,12.22453
3,13.14627,0.4877878,11.24568
4,13.17213,0.4822623,12.24533
5,12.40412,-0.1579741,12.26165
6,12.37827,-0.1524485,11.262
7,13.04405,-0.9261321,12.24085
8,13.01819,-0.9206066,11.2412
Cube,13.1144,-0.2419455,11.75539
1,13.80789,-0.2748046,11.23771
2,13.83114,-0.3088057,12.23686
3,13.15321,0.4799919,11.27863
4,13.17646,0.4459908,12.27778
5,12.42091,-0.2090864,12.27307
6,12.39766,-0.1750853,11.27392
7,13.07559,-0.9638829,12.23215
8,13.05234,-0.9298818,11.233
Cube,13.13532,-0.2661535,11.76741
1,13.83082,-0.2689246,11.2514
2,13.85189,-0.3331779,12.24911
3,13.1607,0.4707552,11.31319
4,13.18177,0.406502,12.3109
5,12.43981,-0.2633825,12.28343
6,12.41874,-0.1991292,11.28572
7,13.10993,-1.003062,12.22164
8,13.08886,-0.938809,11.22393
Cube,13.15616,-0.2896853,11.77824
1,13.85302,-0.2632072,11.26474
2,13.87258,-0.3568745,12.26015
3,13.16812,0.4608521,11.34633
4,13.18768,0.3671848,12.34174
5,12.4593,-0.3161634,12.29175
6,12.43974,-0.2224961,11.29634
7,13.1442,-1.040223,12.21016
8,13.12464,-0.9465554,11.21475
Cube,13.17453,-0.3098913,11.78686
1,13.87206,-0.258255,11.2762
2,13.89083,-0.3772091,12.26892
3,13.17463,0.4516282,11.37445
4,13.19339,0.332674,12.36717
5,12.47699,-0.3615276,12.29753
6,12.45822,-0.2425734,11.30481
7,13.17442,-1.071411,12.19928
8,13.15566,-0.9524566,11.20656
Cube,13.19503,-0.3319303,11.7956
1,13.89282,-0.2528528,11.2888
2,13.9112,-0.3994097,12.27783
3,13.18191,0.4407957,11.4048
4,13.20029,0.2942388,12.39383
5,12.49725,-0.4110078,12.30239
6,12.47886,-0.2644509,11.31336
7,13.20816,-1.104656,12.18639
8,13.18978,-0.9580995,11.19736
Cube,13.21488,-0.3527007,11.80318
1,13.91241,-0.2477132,11.30075
2,13.93093,-0.4203315,12.28557
3,13.18896,0.4298502,11.43312
4,13.20748,0.2572319,12.41793
5,12.51735,-0.4576881,12.3056
6,12.49883,-0.2850698,11.32079
7,13.24081,-1.135252,12.17323
8,13.22229,-0.9626332,11.18842
Cube,13.2371,-0.3753341,11.81074
1,13.93382,-0.2420884,11.31392
2,13.95301,-0.4431554,12.29331
3,13.1969,0.4170924,11.46369
4,13.21609,0.2160254,12.44308
5,12.54038,-0.5085799,12.30756
6,12.52119,-0.3075129,11.32817
7,13.2773,-1.167761,12.15779
8,13.25811,-0.9666936,11.1784
Cube,13.25953,-0.3975081,11.81744
1,13.95489,-0.2365059,11.32697
2,13.97531,-0.4655231,12.30017
3,13.20496,0.403742,11.49337
4,13.22538,0.1747247,12.46658
5,12.56418,-0.5585104,12.3079
6,12.54376,-0.3294931,11.3347
7,13.31411,-1.198758,12.1415
8,13.29369,-0.969741,11.16829
Cube,13.2802,-0.4173058,11.8228
1,13.97384,-0.2314189,11.33874
2,13.99587,-0.4854845,12.30567
3,13.21243,0.3910944,11.51966
4,13.23446,0.1370288,12.48659
5,12.58657,-0.6031928,12.30686
6,12.56453,-0.3491271,11.33993
7,13.34798,-1.225706,12.12594
8,13.32594,-0.9716404,11.15901
Cube,13.30311,-0.4386073,11.82794
1,13.99438,-0.2258809,11.3516
2,14.01866,-0.5069866,12.31097
3,13.22079,0.3766906,11.54774
4,13.24507,0.09558487,12.50711
5,12.61185,-0.6513337,12.30429
6,12.58756,-0.370228,11.34492
7,13.38544,-1.253905,12.10814
8,13.36115,-0.9727994,11.14877
Cube,13.32677,-0.4598772,11.83241
1,14.01509,-0.2202429,11.36466
2,14.0422,-0.5284693,12.31559
3,13.22951,0.3614574,11.5756
4,13.25662,0.05323103,12.52653
5,12.63845,-0.6995114,12.30016
6,12.61134,-0.391285,11.34924
7,13.42402,-1.281212,12.08922
8,13.39692,-0.9729854,11.1383
Cube,13.349,-0.4791735,11.83587
1,14.03411,-0.2149842,11.37671
2,14.06433,-0.5479523,12.31917
3,13.23779,0.3468708,11.60074
4,13.268,0.01390278,12.5432
5,12.66389,-0.7433628,12.29502
6,12.63367,-0.4103948,11.35257
7,13.46021,-1.305218,12.07099
8,13.43,-0.9722499,11.12854
Cube,13.37227,-0.4986916,11.83879
1,14.05361,-0.2095435,11.38915
2,14.08749,-0.5676732,12.32221
3,13.24656,0.3313366,11.62606
4,13.28044,-0.02679306,12.55912
5,12.69093,-0.7878396,12.28842
6,12.65705,-0.4297099,11.35536
7,13.49797,-1.32872,12.05151
8,13.46409,-0.9705901,11.11845
Cube,13.39957,-0.5207588,11.84138
1,14.07598,-0.203276,11.40358
2,14.11466,-0.5900182,12.32496
3,13.25702,0.3127775,11.65456
4,13.29569,-0.07396466,12.57594
5,12.72315,-0.8382416,12.27917
6,12.68448,-0.4514995,11.35779
7,13.54211,-1.354295,12.02819
8,13.50344,-0.967553,11.10681
Cube,13.42438,-0.5399638,11.84296
1,14.09585,-0.1975883,11.41646
2,14.13937,-0.6094501,12.32666
3,13.26665,0.2957034,11.67931
4,13.31017,-0.1161584,12.58952
5,12.75291,-0.8823393,12.26947
6,12.70939,-0.4704775,11.35926
7,13.58211,-1.375631,12.00661
8,13.53859,-0.9637691,11.09641
Cube,13.45635,-0.5636879,11.84409
1,14.1209,-0.1904323,11.43291
2,14.17118,-0.633548,12.32796
3,13.27932,0.2733471,11.7098
4,13.32961,-0.1697687,12.60485
5,12.79181,-0.9369435,12.25526
6,12.74152,-0.4938277,11.36021
7,13.63338,-1.400723,11.97837
8,13.5831,-0.957607,11.08332
Cube,13.47912,-0.5797099,11.84422
1,14.13829,-0.1852478,11.44436
2,14.19388,-0.6497569,12.32818
3,13.28843,0.2573622,11.73043
4,13.34402,-0.2071469,12.61425
5,12.81995,-0.9741721,12.24409
6,12.76436,-0.509663,11.36027
7,13.66981,-1.416782,11.95802
8,13.61422,-0.952273,11.0742
Cube,13.50733,-0.5987642,11.84377
1,14.15946,-0.1789269,11.45846
2,14.22198,-0.6690959,12.32784
3,13.29994,0.2373605,11.75498
4,13.36246,-0.2528084,12.62436
5,12.8552,-1.018602,12.22908
6,12.79268,-0.5284326,11.35969
7,13.71472,-1.434889,11.93255
8,13.6522,-0.94472,11.06317
Cube,13.53468,-0.6163152,11.84267
1,14.17955,-0.1728006,11.47195
2,14.24924,-0.6869113,12.32684
3,13.31127,0.2178692,11.77767
4,13.38096,-0.2962415,12.63256
5,12.88981,-1.05983,12.21339
6,12.82012,-0.5457191,11.3585
7,13.75809,-1.4505,11.90767
8,13.6884,-0.936389,11.05278
Cube,13.55825,-0.6306913,11.84124
1,14.19653,-0.1674789,11.48343
2,14.27275,-0.7014813,12.32547
3,13.32117,0.2010416,11.79637
4,13.39739,-0.3329608,12.63841
5,12.91997,-1.093904,12.19905
6,12.84375,-0.5599012,11.35701
7,13.79533,-1.462424,11.88611
8,13.71911,-0.9284217,11.04407
Cube,13.59145,-0.6499872,11.83858
1,14.22005,-0.1601557,11.49957
2,14.30584,-0.7211593,12.32292
3,13.33544,0.1771575,11.82157
4,13.42123,-0.3838461,12.64493
5,12.96286,-1.139819,12.1776
6,12.87707,-0.5788151,11.35424
7,13.84747,-1.477132,11.85559
8,13.76168,-0.9161283,11.03224
Cube,13.61817,-0.6645188,11.83588
1,14.23856,-0.1541665,11.51237
2,14.33249,-0.7359346,12.32029
3,13.34709,0.1579729,11.84079
4,13.44102,-0.4237952,12.6487
5,12.99778,-1.174871,12.15939
6,12.90385,-0.5931029,11.35148
7,13.88925,-1.48701,11.83098
8,13.79532,-0.9052423,11.02307
Cube,13.64518,-0.6783913,11.83271
1,14.25695,-0.1481062,11.52524
2,14.35944,-0.7500538,12.31717
3,13.35907,0.1385726,11.85934
4,13.46156,-0.4633749,12.65128
5,13.03341,-1.208676,12.14018
6,12.93092,-0.6067289,11.34825
7,13.93129,-1.495355,11.80607
8,13.8288,-0.8934077,11.01414
Cube,13.68927,-0.6995942,11.82669
1,14.28646,-0.138584,11.54627
2,14.40339,-0.7719077,12.31127
3,13.37924,0.1067047,11.888
4,13.49616,-0.5266191,12.653
5,13.09209,-1.260604,12.10712
6,12.97516,-0.6272807,11.34211
7,13.99931,-1.505893,11.76538
8,13.88239,-0.8725693,11.00038
Cube,13.72339,-0.7143925,11.82134
1,14.30869,-0.1310067,11.56234
2,14.43742,-0.7870888,12.30597
3,13.39512,0.08223915,11.90863
4,13.52385,-0.5738429,12.65226
5,13.13808,-1.297778,12.08034
6,13.00935,-0.6416963,11.33671
7,14.05165,-1.511024,11.73405
8,13.92292,-0.8549422,10.99042
Cube,13.75603,-0.7273525,11.81572
1,14.32955,-0.1236962,11.57765
2,14.47001,-0.8003947,12.30039
3,13.41062,0.05893844,11.92724
4,13.55108,-0.61776,12.64998
5,13.18252,-1.331009,12.05379
6,13.04206,-0.6543103,11.33105
7,14.10145,-1.513644,11.7042
8,13.96099,-0.836945,10.98147
Cube,13.79425,-0.7411502,11.8086
1,14.35354,-0.1152003,11.59556
2,14.50816,-0.8146608,12.29331
3,13.4292,0.03175873,11.94771
4,13.58382,-0.6677018,12.64546
5,13.23497,-1.3671,12.02164
6,13.08035,-0.6676396,11.3239
7,14.1593,-1.514059,11.66949
8,14.00468,-0.8145986,10.97175
Cube,13.82922,-0.752372,11.80163
1,14.37503,-0.107319,11.6119
2,14.54307,-0.8262693,12.28635
3,13.44655,0.00710386,11.96521
4,13.61459,-0.7118464,12.63966
5,13.28341,-1.397425,11.99135
6,13.11537,-0.6784747,11.31691
7,14.21189,-1.511848,11.63804
8,14.04385,-0.7928975,10.9636
Cube,13.85974,-0.7610644,11.79523
1,14.39345,-0.1003282,11.62615
2,14.57357,-0.8352526,12.27995
3,13.46196,-0.01421666,11.97958
4,13.64207,-0.7491411,12.63337
5,13.32604,-1.421801,11.9643
6,13.14592,-0.6868762,11.31051
7,14.25753,-1.507912,11.61088
8,14.07741,-0.7729877,10.95709
Cube,13.88838,-0.7683148,11.78899
1,14.41046,-0.09370267,11.63954
2,14.60218,-0.8427565,12.2737
3,13.47665,-0.03405464,11.99231
4,13.66838,-0.7831084,12.62647
5,13.3663,-1.442927,11.93844
6,13.17458,-0.6938732,11.30428
7,14.30011,-1.502575,11.58567
8,14.10839,-0.7535213,10.95151
Cube,13.91965,-0.7752875,11.78195
1,14.42877,-0.08646411,11.6542
2,14.63343,-0.8500284,12.26664
3,13.493,-0.05555505,12.00545
4,13.69766,-0.8191193,12.61789
5,13.41053,-1.464111,11.90969
6,13.20587,-0.7005466,11.29725
7,14.34631,-1.49502,11.55845
8,14.14165,-0.7314557,10.94601
Cube,13.95202,-0.7814513,11.77444
1,14.44745,-0.07893902,11.66944
2,14.66579,-0.8565096,12.25911
3,13.51025,-0.07759887,12.01822
4,13.72858,-0.8551695,12.60789
5,13.45659,-1.483964,11.87944
6,13.23826,-0.7063931,11.28977
7,14.3938,-1.485304,11.53066
8,14.17546,-0.7077332,10.94099
Cube,13.98209,-0.7861861,11.7673
1,14.46453,-0.07186717,11.68365
2,14.69585,-0.8615155,12.25194
3,13.52655,-0.09784722,12.02935
4,13.75786,-0.8874955,12.59763
5,13.49965,-1.500505,11.85094
6,13.26833,-0.7108567,11.28266
7,14.43763,-1.474525,11.50525
8,14.20632,-0.6848767,10.93696
Cube,14.01338,-0.7901407,11.75972
1,14.48207,-0.06447613,11.69853
2,14.72714,-0.8657608,12.24432
3,13.54382,-0.1186997,12.04022
4,13.78889,-0.9199843,12.58601
5,13.5447,-1.515805,11.82091
6,13.29963,-0.7145207,11.27512
7,14.48295,-1.461582,11.47923
8,14.23788,-0.6602972,10.93344
Cube,14.04306,-0.7929466,11.75244
1,14.49846,-0.05739701,11.71274
2,14.75682,-0.8688258,12.23699
3,13.56048,-0.1382333,12.04987
4,13.81884,-0.9496621,12.57412
5,13.58766,-1.528496,11.79213
6,13.3293,-0.7170674,11.26788
7,14.52564,-1.44766,11.455
8,14.26728,-0.6362311,10.93075
Cube,14.07906,-0.7952158,11.74347
1,14.51812,-0.04885691,11.73012
2,14.79283,-0.8714727,12.22795
3,13.58113,-0.1616637,12.06077
4,13.85584,-0.9842795,12.5586
5,13.64,-1.541575,11.75683
6,13.36529,-0.7189589,11.259
7,14.57699,-1.428768,11.42618
8,14.30228,-0.6061521,10.92835
Cube,14.10631,-0.7959698,11.73666
1,14.53273,-0.04223549,11.7434
2,14.82009,-0.8724409,12.22109
3,13.59698,-0.1791046,12.06843
4,13.88434,-1.00931,12.54612
5,13.67988,-1.549704,11.72993
6,13.39252,-0.7194988,11.25224
7,14.61563,-1.412835,11.4049
8,14.32827,-0.5826296,10.92721
Cube,14.13979,-0.7959209,11.72824
1,14.55052,-0.03414333,11.75988
2,14.8536,-0.8727131,12.21259
3,13.61686,-0.2002866,12.07719
4,13.91994,-1.038856,12.5299
5,13.72907,-1.557698,11.69661
6,13.42599,-0.7191287,11.2439
7,14.66272,-1.391555,11.3793
8,14.35964,-0.5529854,10.92659
Cube,14.17181,-0.7947777,11.7202
1,14.56728,-0.02633119,11.77582
2,14.88564,-0.8718608,12.20445
3,13.63622,-0.2202099,12.0849
4,13.95458,-1.06574,12.51354
5,13.77634,-1.563224,11.66457
6,13.45798,-0.7176946,11.23594
7,14.70741,-1.369345,11.35549
8,14.38905,-0.5238159,10.92686
Cube,14.2034,-0.7926047,11.71229
1,14.58361,-0.01856822,11.79175
2,14.91727,-0.8699685,12.19646
3,13.65567,-0.2395443,12.09191
4,13.98933,-1.090945,12.49661
5,13.8232,-1.566641,11.63284
6,13.48954,-0.7152409,11.22813
7,14.75114,-1.345665,11.33267
8,14.41748,-0.4942648,10.92797
Cube,14.23964,-0.7888874,11.70328
1,14.60212,-0.009684086,11.81026
2,14.95355,-0.8666171,12.18731
3,13.67845,-0.2613422,12.09921
4,14.02987,-1.118275,12.47626
5,13.87715,-1.568091,11.59629
6,13.52572,-0.7111577,11.21924
7,14.80082,-1.316432,11.30734
8,14.4494,-0.4594995,10.93029
Cube,14.26898,-0.7848002,11.69609
1,14.61687,-0.002352774,11.82551
2,14.98293,-0.8627681,12.18003
3,13.69721,-0.2786322,12.10459
4,14.06327,-1.139048,12.45911
5,13.92109,-1.567248,11.56668
6,13.55503,-0.7068323,11.21216
7,14.84076,-1.290968,11.2876
8,14.4747,-0.4305529,10.93308
Cube,14.43693,-0.7513884,11.6533
1,14.70566,0.0299834,11.91262
2,15.15266,-0.8368942,12.13333
3,13.81618,-0.374555,12.12518
4,14.26318,-1.241433,12.34588
5,14.16821,-1.53276,11.39399
6,13.72121,-0.6658826,11.17328
7,15.05769,-1.128222,11.18143
8,14.61068,-0.2613443,10.96072
Cube,14.4953,-0.7307147,11.64115
1,14.73356,0.04393268,11.94637
2,15.21132,-0.8171085,12.12058
3,13.85866,-0.404505,12.12929
4,14.33643,-1.265546,12.30351
5,14.25704,-1.505362,11.33594
6,13.77928,-0.6443208,11.16173
7,15.13194,-1.056924,11.15301
8,14.65417,-0.1958832,10.9788
Cube,14.52721,-0.7174597,11.63525
1,14.74828,0.05191547,11.96568
2,15.24333,-0.8041164,12.11448
3,13.88234,-0.420129,12.13098
4,14.37739,-1.276161,12.27977
5,14.30613,-1.486835,11.30482
6,13.81108,-0.630803,11.15602
7,15.17207,-1.01479,11.13952
8,14.67703,-0.1587585,10.99073
Cube,14.55619,-0.7043265,11.63029
1,14.76148,0.05919701,11.98369
2,15.2724,-0.7911981,12.10935
3,13.90426,-0.4338857,12.13214
4,14.41518,-1.284281,12.2578
5,14.3509,-1.46785,11.2769
6,13.83998,-0.6174548,11.15124
7,15.20812,-0.9747672,11.12845
8,14.6972,-0.1243721,11.00278
Cube,14.58258,-0.6914425,11.62615
1,14.77336,0.06584364,12.00048
2,15.29887,-0.7784911,12.10506
3,13.92457,-0.4460374,12.13291
4,14.45008,-1.290372,12.23749
5,14.3918,-1.448729,11.25183
6,13.86629,-0.604394,11.14725
7,15.24059,-0.9368477,11.1194
8,14.71508,-0.09251291,11.01482
Cube,14.61441,-0.6747872,11.6216
1,14.7876,0.07376796,12.02118
2,15.33082,-0.76209,12.10027
3,13.9496,-0.4602224,12.13345
4,14.49282,-1.29608,12.21254
5,14.44121,-1.423342,11.22201
6,13.89799,-0.5874844,11.14292
7,15.27921,-0.8893521,11.10975
8,14.736,-0.05349404,11.03066
Cube,14.64314,-0.6585861,11.61802
1,14.80029,0.08092439,12.04043
2,15.35966,-0.7460943,12.09649
3,13.97265,-0.4725486,12.13361
4,14.53203,-1.299567,12.18968
5,14.48599,-1.398097,11.19561
6,13.92662,-0.571078,11.13954
7,15.31363,-0.8446237,11.10242
8,14.75425,-0.01760501,11.04636
Cube,14.6697,-0.6426006,11.6152
1,14.81188,0.08752447,12.05871
2,15.38633,-0.7302822,12.0935
3,13.99438,-0.4835227,12.1335
4,14.56882,-1.301329,12.16829
5,14.52752,-1.372726,11.17169
6,13.95308,-0.554919,11.13691
7,15.34502,-0.8016784,11.0969
8,14.77058,0.01612818,11.06212
Cube,14.69693,-0.6252066,11.61283
1,14.82366,0.09423333,12.07796
2,15.41366,-0.7130685,12.09092
3,14.0171,-0.4943363,12.13313
4,14.6071,-1.301638,12.14609
5,14.57019,-1.344647,11.1477
6,13.98019,-0.5373448,11.13474
7,15.37675,-0.7560769,11.09253
8,14.78675,0.05122489,11.07956
Cube,14.73158,-0.6016163,11.61053
1,14.83863,0.1025902,12.10311
2,15.44851,-0.689765,12.08827
3,14.04679,-0.5074402,12.13225
4,14.65667,-1.299795,12.11742
5,14.62453,-1.305823,11.11795
6,14.01465,-0.5134676,11.13279
7,15.41637,-0.6957923,11.08881
8,14.80649,0.09656286,11.10364
Cube,14.75554,-0.5841565,11.60966
1,14.84876,0.1083848,12.12122
2,15.47258,-0.6724406,12.08722
3,14.06774,-0.5160389,12.13146
4,14.69156,-1.296864,12.09746
5,14.66233,-1.276698,11.09809
6,14.03851,-0.4958724,11.13209
7,15.44335,-0.6522741,11.08785
8,14.81953,0.1285514,11.12185
Cube,14.78146,-0.56428,11.6093
1,14.85964,0.1145511,12.14135
2,15.49862,-0.6527199,12.08664
3,14.09088,-0.5248935,12.1304
4,14.72987,-1.292164,12.07569
5,14.70329,-1.243111,11.07725
6,14.0643,-0.4758401,11.13195
7,15.47205,-0.6036664,11.0882
8,14.83306,0.1636045,11.14291
Cube,14.80752,-0.5431916,11.60964
1,14.87049,0.1206455,12.16223
2,15.52482,-0.6317859,12.08675
3,14.11468,-0.5333058,12.12913
4,14.76901,-1.285737,12.05365
5,14.74456,-1.207029,11.05705
6,14.09022,-0.4545973,11.13253
7,15.50037,-0.5530775,11.09015
8,14.84604,0.1993539,11.16563
Cube,14.83373,-0.520817,11.61077
1,14.88132,0.1266472,12.18394
2,15.55118,-0.6095639,12.08762
3,14.13919,-0.5412412,12.12767
4,14.80905,-1.277452,12.03135
5,14.78615,-1.168281,11.03759
6,14.11628,-0.4320701,11.13391
7,15.52828,-0.5003928,11.09386
8,14.85841,0.2358183,11.19018
Cube,14.85698,-0.4999087,11.61253
1,14.8908,0.1318664,12.20389
2,15.57456,-0.5887728,12.08917
3,14.16142,-0.5478189,12.12624
4,14.84517,-1.268458,12.01152
5,14.82316,-1.131684,11.02116
6,14.13941,-0.4110446,11.13588
7,15.55254,-0.4519984,11.09881
8,14.86879,0.2686407,11.21354
Cube,14.88041,-0.4778067,11.61506
1,14.9003,0.1369851,12.22468
2,15.59813,-0.5667865,12.09147
3,14.18436,-0.5539786,12.12467
4,14.88219,-1.25775,11.99147
5,14.86053,-1.092598,11.00544
6,14.1627,-0.3888269,11.13864
7,15.57646,-0.4016348,11.10544
8,14.87864,0.3021368,11.23865
Cube,14.90055,-0.4579077,11.61795
1,14.90836,0.1412705,12.24319
2,15.61837,-0.5469704,12.09418
3,14.20451,-0.5588804,12.12325
4,14.91453,-1.247121,11.97424
5,14.89275,-1.057086,10.99271
6,14.18273,-0.368845,11.14172
7,15.59659,-0.3569349,11.11265
8,14.88658,0.331306,11.26165
Cube,14.92546,-0.4321745,11.62238
1,14.91835,0.1463507,12.26678
2,15.64346,-0.5213586,12.09832
3,14.23009,-0.5643871,12.12136
4,14.9552,-1.232096,11.95289
5,14.93257,-1.0107,10.97797
6,14.20746,-0.3429904,11.14644
7,15.62083,-0.2999619,11.1234
8,14.89572,0.3677473,11.29186
Cube,14.94486,-0.4111179,11.62671
1,14.926,0.1501573,12.28596
2,15.66298,-0.5003724,12.10246
3,14.25051,-0.5682478,12.11984
4,14.98748,-1.218777,11.93634
5,14.96373,-0.9723932,10.96746
6,14.22675,-0.3218635,11.15096
7,15.63922,-0.253988,11.13358
8,14.90224,0.3965417,11.31708
Cube,14.96358,-0.3899629,11.63163
1,14.93333,0.1536639,12.3051
2,15.68181,-0.4792795,12.10719
3,14.27066,-0.5715796,12.11833
4,15.01913,-1.204523,11.92043
5,14.99382,-0.9335896,10.95817
6,14.24534,-0.3006462,11.15607
7,15.6565,-0.2083461,11.14493
8,14.90802,0.4245973,11.34283
Cube,14.98227,-0.3679465,11.63734
1,14.94062,0.1569812,12.32488
2,15.70063,-0.4573213,12.1127
3,14.29128,-0.5744973,12.11679
4,15.05129,-1.1888,11.90461
5,15.02392,-0.8928742,10.94979
6,14.26391,-0.2785717,11.16197
7,15.67326,-0.1613957,11.15788
8,14.91325,0.4529068,11.37006
Cube,15.00028,-0.3458397,11.64367
1,14.9476,0.1599774,12.34465
2,15.71877,-0.4352644,12.11884
3,14.31167,-0.5768946,12.11529
4,15.08283,-1.172136,11.88948
5,15.05297,-0.8516569,10.94269
6,14.2818,-0.2564151,11.1685
7,15.6889,-0.1147849,11.17206
8,14.91773,0.4804569,11.39787
Cube,15.01941,-0.3213603,11.65136
1,14.95501,0.1629098,12.36643
2,15.73804,-0.4108357,12.12629
3,14.33391,-0.5789527,12.11368
4,15.11695,-1.152698,11.87353
5,15.08381,-0.8056306,10.93628
6,14.30077,-0.231885,11.17642
7,15.7049,-0.063768,11.18903
8,14.92187,0.5099776,11.42918
Cube,15.03817,-0.296249,11.65999
1,14.96224,0.1654998,12.38871
2,15.75696,-0.3857665,12.13468
3,14.35639,-0.5804495,12.11211
4,15.15111,-1.131716,11.85808
5,15.11409,-0.7579978,10.93128
6,14.31938,-0.2067315,11.18531
7,15.71994,-0.01204851,11.20787
8,14.92523,0.5392178,11.4619
Cube,15.05539,-0.2721387,11.66903
1,14.96884,0.1675843,12.41007
2,15.77433,-0.3616855,12.14349
3,14.37766,-0.581334,12.1107
4,15.18314,-1.110604,11.84411
5,15.14194,-0.7118618,10.92798
6,14.33645,-0.182592,11.19456
7,15.73312,0.03705648,11.22735
8,14.92764,0.5663263,11.49394
Cube,15.07112,-0.2491609,11.67832
1,14.97483,0.1692003,12.43045
2,15.79018,-0.338726,12.15258
3,14.39766,-0.5816948,12.10946
4,15.21301,-1.089621,11.83159
5,15.1674,-0.6675221,10.92619
6,14.35205,-0.1595957,11.20406
7,15.74457,0.0833731,11.24718
8,14.92922,0.5912994,11.52505
Cube,15.11421,-0.1818595,11.70752
1,14.993,0.1723983,12.48843
2,15.83439,-0.2714549,12.18009
3,14.45614,-0.5795987,12.10596
4,15.29753,-1.023452,11.79762
5,15.23542,-0.5361173,10.92662
6,14.39404,-0.09226407,11.23495
7,15.77228,0.2158797,11.30909
8,14.9309,0.6597329,11.61742
